﻿<CATELOG>

	<BOOK>
		<TITLE>The Truth About HTML5</TITLE>
		<AUTHOR>Luke Stevens</AUTHOR>
		<DESCRIPTION>
			This book is geared toward designers and front-end coders to learn about HTML5.  It also shares news about the future of Flash and how HTML5 is used.
		</DESCRIPTION>
	</BOOK>

	<BOOK>
		<TITLE>HTML5 Missing Manual</TITLE>
		<AUTHOR>Matthew MacDonald</AUTHOR>
		<DESCRIPTION>
			This is an HTML5 manual to help developers explore more than just a markup language. The book explains the process of developing web apps for videos, geolocations, drawing tools, drag-and-drop and various other features.
		</DESCRIPTION>
	</BOOK>

	<BOOK>
		<TITLE>The Essential Guide to CSS and HTML Web Design</TITLE>
		<AUTHOR>Craig grannel</AUTHOR>
		<DESCRIPTION>
			This book includes plenty of practical tutorials and reference materials for beginners. It contains a collection of basic HTML and CSS, tips on how to reuse codes and lists some of the best practices for developers.
		</DESCRIPTION>
	</BOOK>

	<BOOK>
		<TITLE>Learning jQuery</TITLE>
		<AUTHOR>Karl Swedberg</AUTHOR>
		<DESCRIPTION>
			This book explains all the concepts of jQuery library and lists examples and techniques to use in practical scenarios. The book also helps developers create the best user interfaces and interactive elements for their websites.
		</DESCRIPTION>
	</BOOK>

	<BOOK>
		<TITLE>Smashing CSS</TITLE>
		<AUTHOR>Eric Meyer</AUTHOR>
		<DESCRIPTION>
			Smashing CSS is a practical guide to building a modern web layout including the basics like HTML5 and CSS3. It will teach you how to create an HTML background in XHTML and how to use CSS3 including features like sliding door, liquid bleach, and more.
		</DESCRIPTION>
	</BOOK>


	<BOOK>
		<TITLE>Learning Web Designs</TITLE>
		<AUTHOR>Jennifer Niederst Robbins</AUTHOR>
		<DESCRIPTION>
			This book is a friendly guide for the latest techniques in HTML5, CSS3, Java Scripts and Web Graphics. It teaches readers how to create HTML pages, style sheets, API and CSS3 properties. It will also help readers create responsive web pages.
		</DESCRIPTION>
	</BOOK>

	<BOOK>
		<TITLE>CSS Pocket Reference</TITLE>
		<AUTHOR>Eric A. meyer</AUTHOR>
		<DESCRIPTION>
			This book is a quick pocket reference for developers using CSS3.
		</DESCRIPTION>
	</BOOK>

	<BOOK>
		<TITLE>Head First HTML and CSS</TITLE>
		<AUTHOR>Eric Freeman</AUTHOR>
		<DESCRIPTION>
			This book helps developers get introduced to HTML and CSS and offers tops to help them avoid common mistakes.
		</DESCRIPTION>
	</BOOK>

	<BOOK>
		<TITLE>Core HTML5 Canvas</TITLE>
		<AUTHOR>Devid Geary</AUTHOR>
		<DESCRIPTION>
			This book teaches developers step-by-step directions on using CSS to build interactive user interfaces with responsive features.  It will help you learn how to use animations for video games and Canvas for 2D API.
		</DESCRIPTION>
	</BOOK>

	<BOOK>
		<TITLE>Styling with CSS</TITLE>
		<AUTHOR>Charles Wyke-Smith</AUTHOR>
		<DESCRIPTION>
			With Styling with CSS, the author takes developers to advanced levels of CSS and its various features. Readers will learn the full capabilities of CSS and help you create robust, stylish and flexible layouts which will adjust according to screen size.
		</DESCRIPTION>
	</BOOK>

</CATELOG>